{"train_loss": 0.5058043240780556, "train_acc": 0.8352530211480362, "_timestamp": 1699543370.506589, "_runtime": 17795.76033782959, "_step": 5, "_wandb": {"runtime": 17836}}