{"train_loss": 0.5918186401492519, "train_acc": 0.7816276435045317, "_timestamp": 1699521475.1993542, "_runtime": 34.8880090713501, "_step": 339, "_wandb": {"runtime": 33}}