{"train_loss": 1.7786603620405284, "train_acc": 0.42248867069486407, "_timestamp": 1699521373.900563, "_runtime": 24.372087001800537, "_step": 339, "_wandb": {"runtime": 23}}