{"train_loss": 1.1658542184602647, "train_acc": 0.5223214285714286, "_timestamp": 1699507707.547295, "_runtime": 580.6958131790161, "_step": 104}