{"train_loss": 1.1966186284658773, "train_acc": 0.5306835347432024, "_timestamp": 1699517837.194423, "_runtime": 26.68723487854004, "_step": 339, "_wandb": {"runtime": 25}}