{"train_loss": 33.89953895940544, "train_acc": 0.46176242236024845, "_timestamp": 1699523199.518229, "_runtime": 928.8354671001434, "_step": 16}