{"train_loss": 1.1112056158591817, "train_acc": 0.548764507675028, "_timestamp": 1700101936.178292, "_runtime": 33.653006076812744, "_step": 2679, "_wandb": {"runtime": 32}}