{"train_loss": 1.415792311066227, "train_acc": 0.45043429003021146, "_timestamp": 1699521433.4947321, "_runtime": 15.532050132751465, "_step": 339, "_wandb": {"runtime": 15}}