{"train_loss": 1.143112260029029, "train_acc": 0.5172458506224067, "_timestamp": 1699516742.442625, "_runtime": 124.83244800567627, "_step": 24, "_wandb": {"runtime": 138}}